coin,symbol,price,1h,24h,7d,24h_volume,mkt_cap,date,moving_average,volatility,liquidity_ratio
USD Coin,USDC,0.999874,-0.001,0.0,-0.0,3872273611.0,52222137400.0,2022-03-16,8797.8599748,17959.41659425083,0.07415004064923623
XRP,XRP,0.785018,0.019,0.019,0.089,3925204682.0,37530785877.0,2022-03-16,626.1249783999999,1195.684425979434,0.10458626405703601
Terra,LUNA,89.51,0.024,-0.005,0.046,2661508267.0,32945963147.0,2022-03-16,95.1449784,165.65807136039814,0.08078404796134643
Solana,SOL,85.61,0.024,0.0139999999999999,0.0409999999999999,1776167313.0,27535891424.0,2022-03-16,112.0669784,157.7706047260859,0.06450371573777745
Cardano,ADA,0.824161,0.016,0.016,0.0279999999999999,950718327.0,26331888060.0,2022-03-16,35.545810599999996,47.50232674924161,0.03610520919858414
Polkadot,DOT,18.55,0.031,0.035,0.095,762198942.0,20175265447.0,2022-03-16,39.0558358,44.887967887351515,0.03777888048126458
Avalanche,AVAX,73.69,0.034,0.032,0.011,866838890.0,19563622731.0,2022-03-16,53.6368322,41.02304595861809,0.044308710197443646
Dogecoin,DOGE,0.11566,0.015,0.023,-0.011,451839687.0,15312260998.0,2022-03-16,18.8359642,31.630853140813755,0.02950835850166195
TerraUSD,UST,1.0,-0.001,0.003,0.001,742209053.0,15025463384.0,2022-03-16,18.871132,31.60590871269278,0.04939674963970482
Shiba Inu,SHIB,2.241815e-05,0.024,0.0279999999999999,-0.021,546344871.0,12186102832.0,2022-03-16,15.161136483629999,32.722046007437974,0.0448334367871351
Wrapped Bitcoin,WBTC,40820.44,0.02,0.03,0.055,443045583.0,11077637101.0,2022-03-16,8164.511136483631,18255.21920792894,0.03999459261578495
Cronos,CRO,0.401575,0.018,0.043,0.038,99233479.0,10108572460.0,2022-03-16,8164.3914514836315,18255.286111856374,0.009816764868894257
Polygon,MATIC,1.44,0.0289999999999999,0.034,-0.0,665458992.0,9860943646.0,2022-03-16,8164.65631948363,18255.138050368467,0.06748431142996515
Dai,DAI,0.999429,-0.0,-0.001,-0.0,311112491.0,9375312310.0,2022-03-16,8164.656205283631,18255.138114205947,0.033184226904970165
Cosmos Hub,ATOM,28.8,0.017,0.051,0.035,784802946.0,8346059118.0,2022-03-16,8170.4162008,18251.92215902099,0.09403275664647646
Litecoin,LTC,109.44,0.016,0.013,0.089,735718470.0,7629784997.0,2022-03-16,28.216200800000003,46.98142553938925,0.09642715624218526
Lido Staked Ether,STETH,2745.31,0.026,0.035,0.067,20327033.0,6972219575.0,2022-03-16,577.1978858,1212.822083540941,0.002915432134823436
Near,NEAR,10.61,0.0409999999999999,0.032,0.091,402450393.0,6885969777.0,2022-03-16,579.0318857999999,1211.7402255426682,0.05844498393592064
Chainlink,LINK,14.41,0.023,0.064,0.102,720924698.0,6696893329.0,2022-03-16,581.7139999999999,1210.154729871348,0.1076506168730704
TRON,TRX,0.060751875857,0.011,0.005,0.003,608305288.0,6139215131.0,2022-03-16,575.9661503751713,1213.5010611553662,0.09908518841901454
FTX Token,FTT,42.37,0.02,0.024,0.045,91093038.0,5803217982.0,2022-03-16,562.5521503751713,1220.2989211082795,0.015696987134128988
LEO Token,LEO,5.97,0.0069999999999999,0.01,0.055,831673.0,5547865232.0,2022-03-16,71.6761503751714,126.20695486753573,0.00014990865228717583
OKB,OKB,19.05,0.013,0.039,0.072,180398248.0,4944831000.0,2022-03-16,72.6041503751714,125.696634434124,0.03648218675218627
Algorand,ALGO,0.731009,0.025,0.0139999999999999,-0.01,151572159.0,4824820884.0,2022-03-16,72.7382018,125.60024837619328,0.03141508516982285
Stellar,XLM,0.186969,0.017,0.026,0.079,257508818.0,4584325546.0,2022-03-16,64.3015956,129.50604392074771,0.05617158192979692
Uniswap,UNI,9.05,0.032,0.04,0.025,188489995.0,4103226435.0,2022-03-16,6.9975955999999995,7.684131548747811,0.04593702004651859
Hedera,HBAR,0.200008,0.012,-0.0069999999999999,-0.024,65559083.0,3922919996.0,2022-03-16,5.8435972,8.286678972307806,0.01671180729325279
Axie Infinity,AXS,50.46,0.036,0.062,0.089,288996469.0,3733676299.0,2022-03-16,12.1255972,21.757601530594023,0.07740265782478321
Decentraland,MANA,2.43,0.021,0.065,0.0139999999999999,481292822.0,3652548066.0,2022-03-16,12.4653954,21.5474102167168,0.13176905910702394
Ethereum Classic,ETC,26.93,0.0279999999999999,0.031,0.01,315618129.0,3573077723.0,2022-03-16,17.8140016,21.051072645774383,0.08833228758735288
Elrond,EGLD,162.55,0.025,0.049,0.2289999999999999,318813970.0,3550487729.0,2022-03-16,48.51400160000001,66.954914209024,0.08979441539706276
Internet Computer,ICP,16.26,0.02,0.019,-0.035,158065484.0,3447698400.0,2022-03-16,42.25000000000001,68.0113847086922,0.04584666802641438
Monero,XMR,189.34,0.003,0.011,-0.073,251596905.0,3416516046.0,2022-03-16,79.632,88.83265148577884,0.07364136494970233
cETH,CETH,53.71,-0.001,0.009,0.04,1088.54,3191011869.0,2022-03-16,84.988,85.60954310118622,3.411269041569334e-07
VeChain,VET,0.047848054559,0.0279999999999999,0.033,0.0279999999999999,283498801.0,3172681612.0,2022-03-16,52.487569610911805,79.42535988446923,0.08935620893307589
Filecoin,FIL,17.27,0.016,0.01,-0.0409999999999999,264401106.0,3052322720.0,2022-03-16,52.317569610911804,79.60606578560513,0.08662291974159272
Osmosis,OSMO,9.39,0.0139999999999999,0.018,-0.001,94042665.0,3040277019.0,2022-03-16,16.3275696109118,22.021195144763883,0.030932268478262637
Klaytn,KLAY,1.1,0.016,0.023,-0.012,57133059.0,3034567731.0,2022-03-16,5.8055696109118005,7.426346626624411,0.018827412687596395
Frax,FRAX,0.998392,-0.002,0.001,-0.0,18194194.0,2866968260.0,2022-03-16,5.9956784,7.2522305048003055,0.0063461442018196606
Theta Network,THETA,2.82,0.032,0.033,-0.004,118835496.0,2798708447.0,2022-03-16,8.5856784,11.713948081443927,0.04246083443503467
Magic Internet Money,MIM,0.997676,0.0,0.004,0.002,44641451.0,2784271477.0,2022-03-16,6.907213600000001,12.162554680051999,0.01603344047761475
The Graph,GRT,0.440816,0.003,0.0409999999999999,0.315,388652958.0,2731591470.0,2022-03-16,6.775376800000001,12.244535605700888,0.14228077743997347
Tezos,XTZ,3.05,0.021,0.025,0.013,114838106.0,2665887669.0,2022-03-16,7.1856984,12.035132619154291,0.04307687354399178
cUSDC,CUSDC,0.022533007284,-0.001,0.001,0.001,41.83,2449140377.0,2022-03-16,1.4662050014568,1.3871101548005351,1.707946199933153e-08
Helium,HNT,21.72,-0.002,0.048,0.026,22415718.0,2183873719.0,2022-03-16,5.246205001456799,9.282210799038952,0.010264200628900924
THORChain,RUNE,7.23,0.04,-0.059,0.769,297836092.0,2165143023.0,2022-03-16,6.492669801456799,8.982689195099464,0.13755954633764625
EOS,EOS,2.06,0.019,0.032,0.048,337828464.0,2019196307.0,2022-03-16,6.816506601456799,8.73576122144486,0.16730838048229454
ECOMI,OMI,0.003406821495,0.019,0.027,-0.2189999999999999,3444049.0,1976983567.0,2022-03-16,6.207187965755799,9.160096985106478,0.0017420726492057888
IOTA,MIOTA,0.712336,0.018,0.011,0.012,26950213.0,1976598984.0,2022-03-16,6.3451485642989995,9.048173609114402,0.013634638699176829
cDAI,CDAI,0.021895790224,-0.001,0.0,-0.0,93.89,1942222665.0,2022-03-16,2.0055277223437993,3.037832547967202,4.834152216012782e-08
Flow,FLOW,5.43,0.017,0.023,-0.053,57457444.0,1923544184.0,2022-03-16,1.6455277223437992,2.274731091711115,0.029870613047482772
Theta Fuel,TFUEL,0.162482,0.024,0.0069999999999999,0.064,16105407.0,1886178774.0,2022-03-16,1.2660241223437991,2.3454812188512797,0.008538642901725286
Aave,AAVE,137.44,0.037,0.131,0.129,282336331.0,1862097786.0,2022-03-16,28.753342758044802,60.79884703588049,0.15162271988223072
Zcash,ZEC,148.94,0.02,0.065,0.075,276825707.0,1801878133.0,2022-03-16,58.3988755580448,77.54070809513713,0.1536317589575854
Maker,MKR,1982.58,0.0289999999999999,0.071,0.129,92847731.0,1772467945.0,2022-03-16,454.9104964,856.8850632123756,0.052383306147745314
JUNO,JUNO,38.35,0.018,0.096,-0.03,11491328.0,1747597737.0,2022-03-16,461.4944964,852.6841782663338,0.006575499473767057
BitTorrent,BTT,1.812224e-06,0.0069999999999999,0.022,0.003,87836205.0,1675881629.0,2022-03-16,434.0195565624448,867.8151411721935,0.05241193857612243
Arweave,AR,32.52,-0.003,0.074,0.002,50636342.0,1637697784.0,2022-03-16,410.7355565624448,878.8676370849106,0.03091922239543068
Huobi BTC,HBTC,41217.27,0.026,0.039,0.068,190002.0,1637583015.0,2022-03-16,8257.673556562444,18424.983119014865,0.00011602587365624331
PancakeSwap,CAKE,5.57,0.026,0.01,-0.068,104112686.0,1530696417.0,2022-03-16,8251.117556562445,18428.644349347967,0.06801654779074327
Quant,QNT,112.58,0.018,0.003,0.013,23727064.0,1505335556.0,2022-03-16,8273.588000362444,18416.132989079797,0.01576197672700159
Harmony,ONE,0.127445,0.025,0.017,-0.012,75144435.0,1499937034.0,2022-03-16,8273.613489,18416.118675456757,0.0500983929969423
eCash,XEC,7.9294818e-05,0.019,-0.005,0.144,37446216.0,1497455570.0,2022-03-16,8267.109504858963,18419.762170857386,0.025006562298205616
Bitcoin SV,BSV,77.11,0.013,0.015,-0.019,135219354.0,1461042552.0,2022-03-16,39.0775048589636,52.478549695685565,0.0925499081562684
NEO,NEO,20.13,0.024,0.0279999999999999,-0.017,148274906.0,1406977569.0,2022-03-16,41.9895048589636,50.5218988438607,0.10538540859992915
TrueUSD,TUSD,1.0,0.0,0.001,0.001,114862495.0,1404670246.0,2022-03-16,19.6735048589636,33.2300740124185,0.08177185736445079
Huobi Token,HT,8.98,0.01,0.009,-0.025,32112940.0,1392164927.0,2022-03-16,21.444015858963603,32.146462945540954,0.023066907790300913
KuCoin Token,KCS,18.41,0.0139999999999999,0.009,0.02,8578734.0,1390455505.0,2022-03-16,25.125999999999998,30.06309249074068,0.006169729249984162
Celsius Network,CEL,3.18,0.009,0.032,0.098,3927635.0,1346075894.0,2022-03-16,10.34,8.679282810623715,0.0029178406786029257
Stacks,STX,1.26,0.018,0.026,0.183,44370134.0,1317492670.0,2022-03-16,6.566,7.360480969799323,0.03367770843081806
Humans.ai,HEART,0.044270474958,0.025,0.086,-0.547,1852838.0,1309127902.0,2022-03-16,6.3748540949915995,7.551103175031894,0.0014153223662633386
Enjin Coin,ENJ,1.4,0.018,0.05,0.046,133821819.0,1300650179.0,2022-03-16,4.8588540949916,7.657475836069662,0.10288840240108867
NEXO,NEXO,2.19,0.015,0.031,0.098,4583402.0,1222563065.0,2022-03-16,1.1433750949916,0.7883219914469289,0.003749010690094748
Amp,AMP,0.025036137658,0.018,0.0069999999999999,0.003,8084731.0,1198878147.0,2022-03-16,0.8963823225231999,0.9243727272529678,0.006743580254782974
Radix,XRD,0.121859,0.015,0.064,-0.001,215995.0,1198319388.0,2022-03-16,0.9119000275316,0.9069795389208469,0.0001802482728419312
Kusama,KSM,126.84,0.025,0.04,0.038,65896976.0,1132594631.0,2022-03-16,25.999900027531602,56.37796521831298,0.058182313597776536
Celo,CELO,2.52,0.022,0.037,-0.076,46620149.0,1074226736.0,2022-03-16,26.3393790275316,56.19326725478672,0.043398797886557164
Kadena,KDA,6.23,0.024,0.009,0.031,58659719.0,1061714057.0,2022-03-16,27.1473790275316,55.7867892886145,0.05525001634220616
Chiliz,CHZ,0.198241,0.026,0.024,0.02,109408277.0,1049331415.0,2022-03-16,27.18202,55.76578698703915,0.10426474937853643
Frax Share,FXS,17.92,0.006,-0.011,0.006,4834916.0,1031430071.0,2022-03-16,24.9016482,41.229352967693345,0.004687584874573625
Pax Dollar,USDP,0.999025,-0.002,0.001,-0.001,57639449.0,994783973.0,2022-03-16,24.5974532,41.440839552430226,0.05794167433777102
BitDAO,BIT,1.12,0.025,0.019,0.036,54570658.0,993438990.0,2022-03-16,23.5754532,42.06535921320847,0.05493106124212016
GateToken,GT,6.52,0.012,0.031,-0.005,7695401.0,979761512.0,2022-03-16,24.839805000000002,41.2746268583612,0.0078543613989197
Convex Finance,CVX,18.29,0.038,0.054,0.147,45253981.0,979304335.0,2022-03-16,8.969805,8.633167765768752,0.046210334604512904
Synthetix Network Token,SNX,4.24,0.053,0.079,0.084,63349615.0,903998693.0,2022-03-16,6.233804999999999,7.123252899616937,0.07007710906059905
Xido Finance,XIDO,30.86,-0.027,-0.049,0.7659999999999999,1464061.0,893636559.0,2022-03-16,12.206,12.284888282226765,0.0016383181565874142
Loopring,LRC,0.710702,0.03,0.035,-0.033,112235393.0,881663508.0,2022-03-16,12.1241404,12.378235895770976,0.1272995785598512
NEM,XEM,0.098240605826,0.021,0.043,0.037,20866042.0,879585159.0,2022-03-16,10.8397885211652,13.396370525805375,0.023722594437271538
Anchor Protocol,ANC,3.1,0.06,0.088,-0.18,107525684.0,807556039.0,2022-03-16,7.8017885211652,13.000984850499147,0.13314950146760032
Oasis Network,ROSE,0.227889,0.036,0.07,0.027,65843862.0,794382929.0,2022-03-16,6.9993663211651995,13.393661167540811,0.08288680382757822
Curve DAO Token,CRV,2.02,0.026,0.022,-0.006,150926378.0,791197822.0,2022-03-16,1.2313663211651993,1.2918753121246025,0.19075681682045884
Decred,DCR,56.87,0.02,0.143,0.088,25032753.0,787162797.0,2022-03-16,12.463225921165199,24.856029868173366,0.031801239966375086
cUSDT,CUSDT,0.021768404499,0.0,0.0,0.0,8111.5,775425368.0,2022-03-16,12.447931480899799,24.865562113699777,1.0460710127296221e-05
Secret,SCRT,4.61,0.017,0.008,0.027,19871872.0,763750478.0,2022-03-16,12.749931480899798,24.732458651783556,0.02601880139183363
LINK,LN,129.46,0.036,0.018,0.024,1207902.0,759436472.0,2022-03-16,38.5963536808998,56.06029987206936,0.0015905240853378451
Mina Protocol,MINA,1.81,0.015,0.105,-0.004,70360743.0,756143474.0,2022-03-16,38.5543536808998,56.094621479094,0.09305210640487523
Holo,HOT,0.00414796568,0.027,0.027,0.0279999999999999,63199499.0,734353201.0,2022-03-16,27.181183274035806,57.206504592163235,0.08606144688133524
Compound,COMP,109.58,0.026,0.045,0.052,40756551.0,726097698.0,2022-03-16,49.092829593135995,64.69479621717991,0.05613094644462018
IoTeX,IOTX,0.076638517501,0.042,0.0069999999999999,0.1169999999999999,91722669.0,717099434.0,2022-03-16,48.1861572966362,65.50080384242379,0.12790788090344526
Bitkub Coin,KUB,7.89,0.004,0.0,-0.034,2193655.0,698922310.0,2022-03-16,23.872157296636196,48.02059719828195,0.0031386249496027675
Neutrino USD,USDN,1.0,0.003,-0.001,0.0069999999999999,15319422.0,687954763.0,2022-03-16,23.710157296636197,48.11490568404744,0.02226806590188547
yearn.finance,YFI,18982.86,0.017,0.017,-0.0139999999999999,81875140.0,678377900.0,2022-03-16,3820.2813277035007,8476.265358339926,0.12069252256006571
Nexus Mutual,NXM,92.51,0.026,0.035,0.065,1909.73,633750394.0,2022-03-16,3816.8673277035,8478.136796360708,3.0133787972051343e-06
XDC Network,XDC,0.050635431946,-0.002,-0.022,0.0969999999999999,9930593.0,616292915.0,2022-03-16,3816.86212708639,8478.13972296447,0.016113430413198893
1inch,1INCH,1.5,0.021,0.111,0.163,120457113.0,616145134.0,2022-03-16,3815.5841270863893,8478.857882667577,0.19550119988450643
WAX,WAXP,0.274089,0.021,0.02,0.0,26837225.0,615219740.0,2022-03-16,3815.438944886389,8478.939534172456,0.043622177987981986
Smooth Love Potion,SLP,0.016547553043,0.019,0.018,-0.076,99341158.0,614525601.0,2022-03-16,18.8702543969978,41.170364213853574,0.16165503575171639
Qtum,QTUM,5.95,0.0289999999999999,0.023,0.036,79032386.0,612948390.0,2022-03-16,1.5582543969978002,2.5293121205870555,0.12893807584680989
PAX Gold,PAXG,1935.78,0.0069999999999999,0.005,-0.057,30748651.0,611668819.0,2022-03-16,388.7041273106086,864.8449923768987,0.05027009722396852
renBTC,RENBTC,40555.22,0.016,0.034,0.048,14829115.0,602582895.0,2022-03-16,8500.01730951061,17938.935916631697,0.024609253138524616
Livepeer,LPT,23.82,0.03,0.023,0.024,11291907.0,589774119.0,2022-03-16,8504.778,17936.11915827725,0.019146155513141465
Ankr,ANKR,0.072181812557,0.023,0.016,-0.064,40789205.0,587511707.0,2022-03-16,8503.602436362513,17936.81562185899,0.06942705058301077
Bancor Network Token,BNT,2.29,0.017,0.033,0.062,26117403.0,583581643.0,2022-03-16,8116.904436362512,18133.5722037834,0.04475364040880223
Pocket Network,POKT,0.699085,0.019,-0.003,-0.055,974551.0,580439408.0,2022-03-16,8116.420253362511,18133.843040933607,0.0016789883432587335
Marinade staked SOL,MSOL,88.63,0.025,0.0139999999999999,0.043,18662090.0,578275391.0,2022-03-16,23.102253362511398,37.94679426022514,0.032271976795913836
OMG Network,OMG,4.11,0.019,0.016,0.081,106689838.0,574825195.0,2022-03-16,19.160253362511398,38.866214396508745,0.1856039695685225
Zilliqa,ZIL,0.041008132304,0.033,0.032,0.047,37965285.0,571307984.0,2022-03-16,19.1540186264608,38.87004423196125,0.06645327225113662
SafeMoon,SFM,0.001028389235,0.038,-0.034,-0.088,406894.0,566255393.0,2022-03-16,18.696224304307798,39.130919318887585,0.000718569756738723
Render Token,RNDR,2.43,0.024,0.035,-0.031,23720000.0,560228533.0,2022-03-16,19.042407304307797,38.93908448974216,0.0423398641853895
Fei USD,FEI,1.0,0.001,0.0,0.003,10254055.0,557210659.0,2022-03-16,1.5164073043078001,1.7536553074732593,0.018402474601621
Gnosis,GNO,298.83,0.021,0.025,-0.003,2883611.0,553256284.0,2022-03-16,60.46040730430779,133.25630494117323,0.005212070939622622
ICON,ICX,0.753601,0.026,-0.013,0.21,45059623.0,549632622.0,2022-03-16,60.602925877847,133.1758880121839,0.08198134753362583
Ravencoin,RVN,0.051804162049,0.027,0.042,0.006,19390191.0,538520749.0,2022-03-16,60.613081032409795,133.17011342407153,0.03600639536360743
IOST,IOST,0.022568760363,0.025,0.011,0.015,35343794.0,517770891.0,2022-03-16,60.1315947844824,133.4371542632061,0.06826145427321831
Bitcoin Gold,BTG,29.74,0.018,0.0279999999999999,0.032,9146317.0,517358240.0,2022-03-16,65.8795947844824,130.84705056213414,0.017678885330984582
Kava,KAVA,3.16,0.023,0.035,0.034,22753924.0,504959645.0,2022-03-16,6.7455947844824,12.918098380695158,0.045060876102287345
UMA,UMA,7.74,0.018,0.018,-0.016,46067620.0,503487995.0,2022-03-16,8.1428745844824,12.478300776901062,0.09149695813501968
OEC Token,OKT,32.27,0.023,0.01,-0.062,5163788.0,488521386.0,2022-03-16,14.586513752072602,15.263373584665064,0.010570239395824526
Songbird,SGB,0.062799688152,0.022,0.006,-0.1369999999999999,2629530.0,486741272.0,2022-03-16,14.594559937630402,15.253784329828425,0.005402315668024962
e-Radix,EXRD,0.122181,0.022,0.063,0.004,2588295.0,484119330.0,2022-03-16,8.670996137630402,13.558522250707615,0.005346398789736407
Velas,VLX,0.213154,-0.0,0.004,-0.037,4105033.0,483094532.0,2022-03-16,8.0816269376304,13.91726748879137,0.008497370034401465
Rocket Pool,RPL,30.03,0.024,0.0409999999999999,0.15,578038.0,480593962.0,2022-03-16,12.5396269376304,17.007401980746582,0.0012027575161254315
Tether Gold,XAUT,1950.12,0.003,-0.002,-0.044,3689853.0,480346972.0,2022-03-16,396.1096269376304,868.8146662038857,0.007681641011780959
Moonbeam,GLMR,2.38,0.023,0.038,-0.036,37324761.0,476681084.0,2022-03-16,396.57306700000004,868.551171882591,0.07830132609163908
Sapphire,SAPP,0.564647,0.02,0.001,0.0139999999999999,432768.0,470978131.0,2022-03-16,396.6615602,868.5007019657451,0.0009188706895607432
Horizen,ZEN,38.73,0.015,0.061,0.026,29127070.0,469969529.0,2022-03-16,404.36492940000005,864.2657043385872,0.06197650741735641
WOO Network,WOO,0.492556,0.019,0.087,0.124,60339780.0,467152311.0,2022-03-16,398.45744060000004,867.5587290337658,0.12916511077690035
Liquity USD,LUSD,1.0,0.0,0.0,-0.008,3222808.0,464727068.0,2022-03-16,8.633440600000046,16.8415947527833,0.006934840300716032
Golem,GLM,0.465346,0.016,0.022,-0.085,15905189.0,464458665.0,2022-03-16,8.250509800000044,17.03992609532669,0.03424457373402647
Rally,RLY,0.180078,0.026,0.001,-0.0579999999999999,3356848.0,464413872.0,2022-03-16,8.173596000000044,17.08410174059245,0.007228138956193798
Baby Doge Coin,BABYDOGE,2.864e-09,0.026,0.021,-0.039,10651029.0,452640717.0,2022-03-16,0.42759600057284547,0.37993265490234446,0.02353086808140594
Audius,AUDIO,0.735289,0.027,0.026,0.02,7909768.0,447883958.0,2022-03-16,0.4761426005728454,0.4049896935598228,0.017660306556458536
Siacoin,SC,0.008880296534,0.018,0.022,-0.004,12295120.0,446937901.0,2022-03-16,0.2779186598796454,0.31761235810177557,0.02750968305102413
Metis Token,METIS,146.38,0.026,0.009,-0.047,38905039.0,436965500.0,2022-03-16,29.460849459879643,65.36047984631094,0.08903457824473557
Ontology,ONT,0.499727,0.021,0.0289999999999999,-0.011,30824913.0,433758425.0,2022-03-16,29.524779259879644,65.32482664484056,0.07106470150983235
0x,ZRX,0.509791,0.025,0.035,0.0279999999999999,29309302.0,427933388.0,2022-03-16,29.626737459306845,65.26759701583777,0.06849033709891317
APENFT,NFT,1.523622e-06,0.004,0.005,-0.047,69002807.0,421365369.0,2022-03-16,29.47967996403124,65.34974452796011,0.16376003363484767
SKALE,SKL,0.12635,0.013,0.043,0.1119999999999999,11283316.0,407687711.0,2022-03-16,29.503173904724445,65.33652046632861,0.02767637016167014
SwissBorg,CHSB,0.428284,0.022,0.026,-0.054,1063375.0,403883855.0,2022-03-16,0.31283070472444546,0.2343559178435675,0.0026328732551094422
Dogelon Mars,ELON,7.24104e-07,0.043,0.072,0.0279999999999999,10950097.0,394017729.0,2022-03-16,1.0389272495452455,2.020652304738059,0.027790873846694344
Olympus,OHM,28.12,0.0139999999999999,-0.019,-0.086,3529301.0,390854092.0,2022-03-16,6.662926944820846,12.150004266828784,0.009029714853285967
Constellation,DAG,0.152116,0.013,-0.013,0.249,1019712.0,382521151.0,2022-03-16,6.668080144820846,12.146543777574292,0.0026657663173245026
Synapse,SYN,2.17,0.012,-0.078,0.0,9229483.0,380868743.0,2022-03-16,7.016423344820845,11.94618199569952,0.024232713158086592
Convex CRV,CVXCRV,1.95,0.038,0.021,0.0069999999999999,96902.91,364340007.0,2022-03-16,6.792423200000046,11.948313429379235,0.0002659683486255189
Everdome,DOME,0.042328407322,-0.004,0.09,-0.07,44769576.0,363656510.0,2022-03-16,1.1768888814644454,1.0094422177128985,0.12310951342518246
Gemini Dollar,GUSD,1.0,0.003,0.001,0.001,3181078.0,355825684.0,2022-03-16,1.3464656814644453,0.8534112616314815,0.008939989840643432
JUST,JST,0.048936163597,0.013,0.005,0.033,74944693.0,355779812.0,2022-03-16,0.9222529141838454,0.8687397254386507,0.21064908820627518
Decentralized Social,DESO,33.97,0.005,0.111,0.192,768392.0,354095011.0,2022-03-16,7.402252914183845,14.872801064386339,0.0021700164535783306
Polymath,POLY,0.384838,0.017,0.0139999999999999,-0.036,12205658.0,344258737.0,2022-03-16,7.089220514183845,15.031865734362235,0.03545489682081765
NuCypher,NU,0.419373,0.004,0.01,-0.098,4321357.0,342894249.0,2022-03-16,7.164629432719446,14.988559760658417,0.012602593985179378
REN,REN,0.338855,0.032,0.012,-0.012,41048178.0,337192089.0,2022-03-16,7.032400432719444,15.059289598257303,0.12173529373638418
Keep Network,KEEP,0.609779,0.012,0.019,-0.066,2299639.0,333366751.0,2022-03-16,7.144569000000045,14.996226164849052,0.006898225432205745
Illuvium,ILV,519.92,0.023,0.038,0.033,11072513.0,332435430.0,2022-03-16,104.33456900000003,232.31934141696598,0.033307259096901916
Flux,FLUX,1.43,0.016,0.022,0.087,15489371.0,330216558.0,2022-03-16,104.54360140000003,232.2028697384215,0.04690670599261712
Ethereum Name Service,ENS,14.05,0.04,0.043,0.016,39284120.0,326307175.0,2022-03-16,107.26972680000003,230.75028115638207,0.12038999755368542
Hive,HIVE,0.869127,0.015,0.0409999999999999,0.011,12455971.0,322775766.0,2022-03-16,107.37578120000003,230.68896217158422,0.038590167887635037
Lido DAO,LDO,2.98,0.0409999999999999,0.085,0.515,4675420.0,321983024.0,2022-03-16,107.84982540000003,230.41699448406607,0.01452070342689868
Spell Token,SPELL,0.003547901833,0.015,0.009,-0.059,27285439.0,317144040.0,2022-03-16,3.687360180366645,5.902128006142551,0.08603484713129088
Nervos Network,CKB,0.010554840501,0.0139999999999999,0.02,-0.015,6162463.0,316458006.0,2022-03-16,0.8794711484668456,1.2302285765262368,0.019473240945593266
Kyber Network Crystal,KNC,3.06,0.025,0.008,0.002,40287449.0,313785580.0,2022-03-16,1.3176457484668456,1.569113091251837,0.1283916520319385
HUSD,HUSD,0.999103,0.0,0.001,0.0,43235094.0,310668205.0,2022-03-16,1.6086411484668457,1.815502661995492,0.13916806838987594
Ultra,UOS,1.15,0.01,0.024,-0.037,8976424.0,308351253.0,2022-03-16,1.8379315681002453,1.6244504111279332,0.029111034616097375
LooksRare,LOOKS,1.29,0.086,0.177,0.231,48697099.0,306843547.0,2022-03-16,1.4939430626558454,1.4654395137227663,0.1587033505384423
DeFi Kingdoms,JEWEL,4.16,0.04,0.016,-0.074,11440253.0,302825745.0,2022-03-16,1.5319430626558455,1.545949021613557,0.03777833684517147
Telcoin,TEL,0.004899527146,0.008,0.027,-0.011,2843059.0,301743735.0,2022-03-16,1.3331023680850453,1.688941149625392,0.009422097860623353
Tomb,TOMB,1.18,0.031,0.01,-0.054,14140774.0,300452818.0,2022-03-16,1.3391023680850451,1.688181172557228,0.04706487392639466
Stargaze,STARS,0.401895,0.0139999999999999,-0.005,-0.125,1726553.0,300351592.0,2022-03-16,1.4073589054292452,1.6294438270167577,0.005748439648690126
DigiByte,DGB,0.019668130187,0.03,0.018,0.059,15693285.0,297257419.0,2022-03-16,1.1532925314666453,1.7471056568452743,0.05279358561610871
DigitalBits,XDB,0.389141,0.023,0.216,0.209,3821494.0,296998483.0,2022-03-16,0.3991207314666453,0.4767795472855832,0.0128670488865763
Syscoin,SYS,0.468329,0.023,-0.031,-0.074,12673226.0,296323527.0,2022-03-16,0.4918066260374453,0.42299556678432465,0.04276820719672387
Lisk,LSK,2.03,0.015,0.006,0.019,7600165.0,293297599.0,2022-03-16,0.6618066260374453,0.78479770224828,0.025912810148848168
Tokemak,TOKE,25.32,0.03,0.076,-0.004,6123881.0,292863833.0,2022-03-16,5.645427626037446,11.025427256915025,0.020910335486867715
Tenset,10SET,3.3,0.016,0.03,0.434,3059468.0,289328276.0,2022-03-16,6.663665800000047,10.477958092712736,0.010574382989099898
PlayDapp,PLA,0.797778,0.021,0.04,-0.013,17641285.0,288940736.0,2022-03-16,6.729555600000045,10.430186449179768,0.06105502894545129
SafeMoon [OLD],SAFEMOON,5.06313e-07,0.02,0.025,0.003,3503.42,277800683.0,2022-03-16,6.323555701262646,10.694999611865445,1.2611272089637015e-05
Ronin,RON,1.86,0.023,0.0289999999999999,-0.004,2243276.0,276423433.0,2022-03-16,1.6315557012626456,1.2763405006454775,0.008115361189367763
Persistence,XPRT,3.3,0.012,0.045,0.038,2580206.0,273550379.0,2022-03-16,1.8515557012626451,1.477731179171185,0.00943228815632531
Radio Caca,RACA,0.001341144021,0.0279999999999999,0.0409999999999999,0.099,15540182.0,273386276.0,2022-03-16,1.1918239300668454,1.4039080029709081,0.056843314256199165
Pirate Chain,ARRR,1.44,0.023,0.0279999999999999,0.312,1431339.0,269625697.0,2022-03-16,1.3202683300668454,1.3881336454439646,0.005308614927752973
MAI,MIMATIC,0.99909,0.002,0.006,0.002,11703582.0,269555684.0,2022-03-16,1.5200862288042454,1.2112052365767854,0.04341804938529881
Casper Network,CSPR,0.063408018304,0.023,0.1009999999999999,0.019,11186869.0,262580070.0,2022-03-16,1.1607678324650454,1.3443301294506573,0.04260364847949046
Everscale,EVER,0.191627,-0.011,-0.009,0.001,6416.99,261949792.0,2022-03-16,0.5390932324650455,0.6440918282533614,2.4497022696624243e-05
Floki Inu,FLOKI,2.8340322e-05,0.04,0.042,-0.037,6481180.0,257703958.0,2022-03-16,0.5188306717252454,0.6100402797890072,0.025149710739017832
Zenon,ZNN,5.35,0.011,0.025,-0.019,42667.91,257245207.0,2022-03-16,1.3890126717252453,2.2810118950986693,0.00016586474242841773
Injective,INJ,5.33,0.027,0.024,0.021,16026155.0,256116913.0,2022-03-16,2.4423310680644454,2.6943838009119108,0.06257359114741477
MXC,MXC,0.104299,-0.0,0.031,0.175,21346445.0,255853059.0,2022-03-16,2.4248654680644455,2.712840585983848,0.08343244002409993
WazirX,WRX,0.558123,0.012,-0.002,-0.073,7071983.0,254216018.0,2022-03-16,2.268537666730045,2.8116927506972065,0.02781879385743506
Perpetual Protocol,PERP,3.85,0.019,0.012,-0.009,8343005.0,251018197.0,2022-03-16,1.9685376667300454,2.4585604272356547,0.033236654153802246
Mobox,MBOX,2.04,0.026,-0.024,0.06,38070293.0,250469440.0,2022-03-16,1.3105376667300455,1.636989259627747,0.15199576044087454
Astroport,ASTRO,2.02,0.034,-0.001,0.396,5991169.0,249658255.0,2022-03-16,1.6936778667300456,1.5027706379791044,0.02399748007531335
Trust Wallet Token,TWT,0.721272,0.026,-0.084,0.065,45061838.0,248213542.0,2022-03-16,1.8378790000000453,1.3235595072183475,0.18154463949432703
Serum,SRM,1.87,0.02,0.026,0.034,40405418.0,247791442.0,2022-03-16,2.1002544000000456,1.1209695762014404,0.1630622013168639
Coin98,C98,1.34,0.024,0.035,0.066,52212880.0,247303702.0,2022-03-16,1.5982544000000456,0.5662703089220112,0.21112858229675835
Zipmex Token,ZMT,2.79,-0.002,0.004,-0.005,14206660.0,246790193.0,2022-03-16,1.6862544000000455,0.7588913590014627,0.057565739656437645
Tribe,TRIBE,0.543192,0.011,0.01,0.0289999999999999,8017450.0,246535822.0,2022-03-16,1.6506384000000456,0.8174231614915874,0.03252042617968921
VVS Finance,VVS,2.2321211e-05,0.018,0.022,-0.087,3849460.0,235411080.0,2022-03-16,1.2766428642422456,1.0781666295072663,0.016352076546269616
Metahero,HERO,0.045156504195,0.023,0.034,-0.106,8366250.0,233755062.0,2022-03-16,1.0176741650812455,1.2069583377784858,0.035790668781324614
Creditcoin,CTC,1.14,0.015,0.015,0.023,3179625.0,233390471.0,2022-03-16,0.9036741650812455,1.1508325534935808,0.01362362819003009
Lido Staked SOL,STSOL,87.91,0.024,0.013,0.04,4624558.0,233265607.0,2022-03-16,17.927674165081246,39.12402488370046,0.019825288689043645
API3,API3,4.7,0.0279999999999999,-0.008,-0.1009999999999999,29731985.0,230984150.0,2022-03-16,18.759035765081244,38.70417492183959,0.12871872377390398
Escoin Token,ELG,3.37,0.024,0.021,0.051,685965.0,228752259.0,2022-03-16,19.433031300839048,38.323305937777526,0.0029987244847273836
Function X,FX,0.488809,0.019,0.005,-0.005,2065790.0,228173732.0,2022-03-16,19.521761800000043,38.26766786710367,0.009053583784131645
Raydium,RAY,2.51,0.013,0.0559999999999999,0.035,33025947.0,227133027.0,2022-03-16,19.795761800000044,38.10771939061639,0.14540354362467947
CoinEx Token,CET,0.061152343679,0.005,0.035,0.072,862651.0,226665111.0,2022-03-16,2.2259922687358453,1.950286295262329,0.0038058393556651073
Euro Tether,EURT,1.1,0.004,0.008,0.012,25282592.0,226370344.0,2022-03-16,1.5059922687358456,1.3937010860327121,0.11168685594257877
Fetch.ai,FET,0.327851,0.022,0.0069999999999999,0.024,21546674.0,224454559.0,2022-03-16,0.8975624687358454,0.9787963000629778,0.09599570664100433
Dent,DENT,0.002351313514,0.023,0.017,0.008,18982568.0,223840664.0,2022-03-16,0.8002709314386454,1.051090408355487,0.08480392999549001
Chia,XCH,65.15,0.012,-0.021,-0.084,10252044.0,221396095.0,2022-03-16,13.328270931438647,28.972528807025892,0.046306345195474205
Status,SNT,0.056745127667,0.012,0.0069999999999999,-0.034,7688360.0,219753630.0,2022-03-16,13.327389488236246,28.97303340845401,0.03498627076148867
Power Ledger,POWR,0.503878,0.01,0.005,-0.023,32211271.0,216689443.0,2022-03-16,13.208165088236246,29.037083963673446,0.14865177811177446
Medibloc,MED,0.040119247871,0.011,0.025,0.025,7724520.0,215001420.0,2022-03-16,13.150618737810447,29.069259376460693,0.03592776270966024
xSUSHI,XSUSHI,3.8,0.002,0.033,0.055,107293.0,213613208.0,2022-03-16,13.910148475107647,28.686931128101218,0.0005022769940330656
Yield Guild Games,YGG,2.43,0.027,0.009,-0.057,17537941.0,212099797.0,2022-03-16,1.4306754495742455,1.6209697063745978,0.08268721256720486
Telos,TLOS,0.819159,0.02,0.052,-0.096,4398496.0,212084558.0,2022-03-16,1.4937316495742454,1.5815569535831062,0.020739350575443592
COTI,COTI,0.201515,0.017,0.048,0.008,15582614.0,210898806.0,2022-03-16,1.5260108000000454,1.5457130010936169,0.07388668667948742
Alchemix USD,ALUSD,0.997171,-0.001,-0.001,0.0,3032734.0,208898318.0,2022-03-16,0.9654450000000455,0.8795438162318711,0.01451775212474425
Celer Network,CELR,0.037068909834,0.0289999999999999,0.0279999999999999,-0.003,35862409.0,208463091.0,2022-03-16,0.8969827819668454,0.9472808325362458,0.17203241508109463
Orbs,ORBS,0.072194784903,0.006,0.02,0.023,28204447.0,208178410.0,2022-03-16,0.4254217389474455,0.4493462655900766,0.13548209442083836
Vulcan Forged,PYR,8.73,0.027,0.039,-0.044,38526780.0,207895650.0,2022-03-16,2.007589938947446,3.778305118150925,0.18531787461642416
Energy Web Token,EWT,4.91,0.015,-0.009,0.042,2224285.0,205388247.0,2022-03-16,2.949286938947446,3.8023173704256323,0.010829660569623539
Astar,ASTR,0.10323,0.009,0.0069999999999999,0.032,7991761.0,205235595.0,2022-03-16,2.770498738947446,3.935731409157014,0.038939449075585546
Cratos,CRTS,0.002952176693,-0.009,-0.037,-0.13,13535131.0,203670465.0,2022-03-16,2.836059435338646,3.8827810898346597,0.06645603229707361
Ocean Protocol,OCEAN,0.469383,0.0279999999999999,0.051,0.074,22022827.0,202627972.0,2022-03-16,1.1839360353386459,2.0927863777727196,0.10868601596624576
XYO Network,XYO,0.016347118202,0.001,0.009,-0.032,4569339.0,202482367.0,2022-03-16,0.20520545897904582,0.22867159700644402,0.022566602058736306
Dopex,DPX,1126.14,0.034,0.006,0.031,4629323.0,200498616.0,2022-03-16,225.41255945897905,503.5219952602697,0.02308905214587616
PLEX,PLEX,0.815228,0.013,0.0279999999999999,-0.008,15377424.0,198958494.0,2022-03-16,225.48878205897904,503.479451075568,0.0772896079520988
LUKSO Token,LYXE,13.05,0.016,0.015,-0.001,1147300.0,198688328.0,2022-03-16,228.09819162364042,502.05043625492436,0.005774370399855597
DAO Maker,DAO,2.19,0.012,-0.01,-0.042,3559341.0,196210425.0,2022-03-16,228.44231502364045,501.85595707277224,0.018140427553734722
Boba Network,BOBA,1.21,0.0069999999999999,0.061,0.136,4382013.0,192933914.0,2022-03-16,228.68104560000006,501.72039619038287,0.022712507662079565
Mdex,MDX,0.223833,0.018,0.0289999999999999,0.051,7274677.0,192821569.0,2022-03-16,3.4978122000000456,5.387577089016458,0.03772750651147331
UFO Gaming,UFO,7.530048e-06,0.03,0.033,-0.009,5098371.0,191533622.0,2022-03-16,3.3347681060096455,5.50021386394428,0.026618673769976533
Ardor,ARDR,0.192938,0.0139999999999999,0.02,-0.011,6272018.0,191059042.0,2022-03-16,0.7633557060096454,0.9265483261948677,0.03282764288119899
Pundi X,PUNDIX,0.740085,0.0139999999999999,0.022,-0.006,4296268.0,190637766.0,2022-03-16,0.4733727060096455,0.49465747892605655,0.022536290107386173
Interest Bearing Bitcoin,IBBTC,40647.97,0.019,0.023,0.052,3253.9,187618251.0,2022-03-16,8131.2046046000005,18177.42452827071,1.7343195465562677e-05
Coinmetro,XCM,0.609647,0.005,-0.055,-0.017,54700.31,184318822.0,2022-03-16,8131.2879464,18177.37792925142,0.00029677007158823964
MX Token,MX,1.86,0.016,0.017,0.0289999999999999,380193.0,184031159.0,2022-03-16,8131.511929400001,18177.25270420215,0.0020659164571147433
Radicle,RAD,4.43,0.018,0.016,0.021,5082786.0,182383890.0,2022-03-16,8130.976690675149,18177.551945021005,0.027868612737671074
Conflux,CFX,0.116231,0.02,0.0069999999999999,-0.072,4957635.0,180397101.0,2022-03-16,1.405936875149,1.8429987483053047,0.02748178863472978
Wonderland,TIME,196.83,0.017,0.011,-0.085,1483133.0,179963381.0,2022-03-16,40.650007475149,87.32558554329495,0.008241304379583755
XSGD,XSGD,0.73676,0.004,0.004,0.006,4120965.0,179572544.0,2022-03-16,40.425359475149,87.45167504454696,0.022948747666012907
MiL.k Alliance,MLK,0.81278,0.012,0.0289999999999999,0.0279999999999999,6771412.0,179537968.0,2022-03-16,40.585154200000005,87.36005527325797,0.03771576606013498
Civic,CVC,0.268256,0.024,0.0559999999999999,0.032,15009057.0,179389403.0,2022-03-16,39.7528054,87.80932483513043,0.08366746724721527
Unibright,UBT,1.18,0.022,0.176,0.654,2875621.0,177414204.0,2022-03-16,39.9655592,87.69048847704106,0.016208516202006012
Aragon,ANT,4.62,0.027,0.05,0.051,31404911.0,176410722.0,2022-03-16,1.5235592,1.7611093827169182,0.1780215547216002
Yoshi.exchange,YOSHI,1.34,0.038,0.135,0.244,3113291.0,173731724.0,2022-03-16,1.6442071999999999,1.7137594880000266,0.017920106520096468
SuperFarm,SUPER,0.606166,0.025,0.012,0.023,15865086.0,173202752.0,2022-03-16,1.6028844,1.741092100223169,0.09159834827566712
Divi,DIVI,0.06259333954,-0.003,0.057,-0.0409999999999999,232874.0,172881299.0,2022-03-16,1.5617518679080002,1.7824429138616393,0.0013470167181008977
BTSE Token,BTSE,8.42,0.006,0.012,0.127,1644847.0,170044358.0,2022-03-16,3.009751867908,3.5040948873218603,0.00967304660587445
GMX,GMX,22.78,0.0279999999999999,0.038,-0.062,3864455.0,168867621.0,2022-03-16,6.641751867908001,9.636226129495254,0.0228845232562375
Request,REQ,0.218404,0.018,-0.001,0.122,18881863.0,168625356.0,2022-03-16,6.417432667908001,9.802125350158931,0.11197522986993723
Multichain,MULTI,9.19,0.0139999999999999,0.049,-0.195,1481745.0,168453270.0,2022-03-16,8.134199467908001,9.266964357577926,0.008796178311053266
Ergo,ERG,3.26,0.006,0.004,0.0819999999999999,945449.0,168320273.0,2022-03-16,8.7736808,8.661247408853217,0.005616964511458462
Rari Governance Token,RGT,14.92,0.021,-0.025,0.02,590959.0,167699043.0,2022-03-16,10.0736808,9.072912656769736,0.00352392589384067
FEG Token BSC,FEG,3.984e-09,0.0279999999999999,0.0,0.05,505356.0,166612893.0,2022-03-16,5.5176808007968,6.432608209611442,0.0030331146101640525
Alchemy Pay,ACH,0.040564968565,0.018,0.035,-0.003,9350241.0,166194387.0,2022-03-16,5.4821129945098,6.469619992654942,0.056260871192960325
Numeraire,NMR,28.13,0.013,0.027,0.0,5247599.0,165855215.0,2022-03-16,9.270112994509798,12.19485107704764,0.031639638223012766
Power Cash,PRCH,0.000548739722,-0.01,-0.023,-0.0069999999999999,107256.0,164420955.0,2022-03-16,8.6182227424542,12.674148195526856,0.0006523256114161361
Moonriver,MOVR,48.85,0.021,-0.025,-0.062,23687001.0,163974343.0,2022-03-16,15.4042227424542,22.311267638941363,0.14445553229019495
sBTC,SBTC,40609.35,0.02,0.026,0.054,1195100.0,162541982.0,2022-03-16,8137.2742227416575,18152.453871054644,0.0073525619984134314
Cartesi,CTSI,0.311626,0.02,-0.01,0.02,16935581.0,161866858.0,2022-03-16,8137.328434947945,18152.423494178056,0.1046266123235678
JOE,JOE,0.883671,0.032,0.035,-0.0969999999999999,8255024.0,161542087.0,2022-03-16,8131.879169147944,18155.47025358249,0.05110138263844517
Veritaseum,VERI,75.29,0.034,0.502,0.4,128316.0,161292251.0,2022-03-16,8146.937059399999,18147.068950370194,0.0007955496882488173
Bifrost,BFC,0.149179,0.013,0.017,0.01,1366910.0,157313585.0,2022-03-16,8137.1968952,18152.514359934947,0.008689077933097767
inSure DeFi,SURE,0.005989952985,0.025,0.121,0.163,1229192.0,156870603.0,2022-03-16,15.328093190596999,33.521381877060485,0.007835706477140271
Aurora,AURORA,6.85,-0.001,-0.02,-0.059,1292731.0,155499279.0,2022-03-16,16.635767990597,32.91111469602736,0.00831342118312973
AscendEx Token,ASD,0.210282,0.006,-0.012,-0.03,2234800.0,154656421.0,2022-03-16,16.501090190597,32.99296600041186,0.014450095156411255
Reef Finance,REEF,0.008455524242,0.024,0.025,0.034,21823319.0,153505883.0,2022-03-16,1.4447812954454,3.0229172973288523,0.14216601066683549
World Mobile Token,WMT,0.656382,0.002,0.005,-0.005,1215991.0,153058923.0,2022-03-16,1.5462218954454,2.9767286200799994,0.007944593991426427
Mango,MNGO,0.148804,0.021,0.011,-0.026,535237.0,152354623.0,2022-03-16,1.5747847048483998,2.9588864576874294,0.0035130998289431624
Beldex,BDX,0.101366,0.018,0.013,0.44,172723.0,152144019.0,2022-03-16,0.2250579048484,0.252136061655593,0.0011352598750529917
Poollotto.finance,PLT,17.61,0.004,0.004,0.015,737205.0,152110576.0,2022-03-16,3.7050015048483997,7.7772142570919,0.0048465071882970185
Biconomy,BICO,1.31,0.012,0.077,0.035,29389338.0,151360962.0,2022-03-16,3.9653104,7.643183610575302,0.1941672252320912
FEG Token,FEG,3.708e-09,0.017,0.009,0.024,1093047.0,151073649.0,2022-03-16,3.8340340007416005,7.719480791113338,0.007235192948837821
Ion,ION,7053.41,0.0069999999999999,0.001,-0.143,100410.0,150512232.0,2022-03-16,1414.4862732007416,3152.2629721046865,0.0006671218589064575
Origin Dollar,OUSD,0.993428,0.001,-0.002,0.001,886336.0,150338408.0,2022-03-16,1411.3626856007418,3154.0003721293824,0.005895605865402007
Verge,XVG,0.009127060437,0.024,0.027,-0.047,4578538.0,149908633.0,2022-03-16,1411.102511012829,3154.1458171012628,0.030542190322021014
Kishu Inu,KISHU,1.544e-09,0.046,0.094,0.147,7104908.0,149823531.0,2022-03-16,1411.102511012396,3154.1458171015047,0.04742184323502561
Band Protocol,BAND,3.62,0.027,0.05,0.043,25806815.0,149778191.0,2022-03-16,1.1445110123962,1.4791767843739636,0.17230021826074798
Tokamak Network,TON,3.57,0.01,0.025,-0.024,2216118.0,149004019.0,2022-03-16,1.6385110123962001,1.831167075698243,0.014872873999459035
Storj,STORJ,1.04,0.023,0.042,0.106,29384442.0,147999404.0,2022-03-16,1.6478254123962,1.8271795878707136,0.1985443265703962
VeThor Token,VTHO,0.003245192677,0.021,-0.004,0.062,5301268.0,147086117.0,2022-03-16,1.6466490388441997,1.8284997864663364,0.03604193317578708
USDX,USDX,0.969027,0.008,0.015,0.001,876536.0,146788183.0,2022-03-16,1.8404544385354,1.653296841705051,0.005971434362669371
OriginTrail,TRAC,0.400529,0.016,0.009,-0.042,2381151.0,146343514.0,2022-03-16,1.1965602385353997,1.393481785529878,0.016270970505737618
Merit Circle,MC,2.09,0.025,0.068,0.036,25892084.0,146317069.0,2022-03-16,0.9005602385353999,0.7896366652581011,0.17695873883312957
aelf,ELF,0.318783,0.018,0.016,-0.012,12922826.0,145914636.0,2022-03-16,0.7563168385354,0.8229663979262613,0.0885642890545949
Akash Network,AKT,1.09,0.016,-0.001,0.019,1755865.0,145104697.0,2022-03-16,0.9736678000000001,0.7101258893082815,0.012100676520485068
GPEX,GPX,3.83,0.006,0.002,-0.072,179427.0,144648026.0,2022-03-16,1.5458624,1.4610521819093554,0.0012404386355054718
StarLink,STARL,1.4396811e-05,0.045,0.022,-0.004,13867876.0,143867182.0,2022-03-16,1.4657594793622002,1.5479396770694023,0.096393602816242
Pundi X [OLD],NPXS,0.000600991914,0.0,-0.015,-0.128,0.0,142146180.0,2022-03-16,1.0478796777450001,1.617742601445084,0.0
Acala,ACA,1.1,0.035,0.022,0.018,13275096.0,140584940.0,2022-03-16,1.204123077745,1.5666396411105663,0.09442758235697224
Orchid Protocol,OXT,0.237795,0.021,0.0,0.066,12106980.0,139760673.0,2022-03-16,1.033682077745,1.627340949598147,0.08662651474209773
Beta Finance,BETA,0.387492,0.019,0.012,-0.072,18604900.0,138948965.0,2022-03-16,0.34518047774500005,0.45303137120861703,0.1338973629634449
Ark,ARK,0.834377,0.0069999999999999,0.017,-0.0279999999999999,2749604.0,137522294.0,2022-03-16,0.5120529983827999,0.44774186660261334,0.019993878228936467
STASIS EURO,EURS,1.1,0.006,0.008,0.0139999999999999,4643750.0,136959838.0,2022-03-16,0.7319328,0.4013271740202029,0.03390592503475362
Magic,MAGIC,2.78,0.069,0.283,0.004,7430205.0,136718105.0,2022-03-16,1.0679328,1.0172118504062038,0.05434689867885457
Keep3rV1,KP3R,360.63,0.0069999999999999,0.022,0.006,22218089.0,135437476.0,2022-03-16,73.1463738,160.71078186855738,0.16404683294600086
Hxro,HXRO,0.305377,0.008,0.0139999999999999,-0.062,133516.0,133894630.0,2022-03-16,73.2710754,160.64101881554123,0.0009971721793472972
flexUSD,FLEXUSD,1.01,0.001,0.0,0.004,179309.0,132954034.0,2022-03-16,73.2530754,160.65113209837045,0.0013486540769421106
Bezoge Earth,BEZOGE,3.051e-09,0.012,-0.005,-0.0409999999999999,189402.0,132913608.0,2022-03-16,72.6970754006102,160.96052155476875,0.0014250008170720938
MaidSafeCoin,MAID,0.29492,0.023,0.01,0.045,3041.72,132775927.0,2022-03-16,0.6300594006102,0.6298927106697501,2.290867078638434e-05
Prometeus,PROM,7.96,0.017,0.008,0.015,1069360.0,130200675.0,2022-03-16,1.9140594006101999,3.400140313427567,0.008213167865681189
Iron Bank EURO,IBEUR,1.08,0.0,-0.004,0.009,95258.1,130044220.0,2022-03-16,2.0689840006102003,3.3253422554403445,0.0007325054508381842
Sperax,SPA,0.166557,0.008,-0.017,-0.021,464074.0,129752776.0,2022-03-16,1.9156771723266002,3.402188248082186,0.0035766017060012653
iExec RLC,RLC,1.81,0.019,0.057,0.075,6449965.0,129524554.0,2022-03-16,2.2186931723266,3.2872769838186815,0.049797237672789055
DUSK Network,DUSK,0.325281,0.021,-0.046,-0.038,27805515.0,129420731.0,2022-03-16,0.6917493723266,0.7398274454920686,0.2148459121282509
DEAPCOIN,DEP,0.027606422572,0.004,-0.009,-0.133,5292541.0,128916638.0,2022-03-16,0.481270656841,0.7513686604908796,0.04105397939403291
StormX,STMX,0.01399186433,0.025,0.022,0.003,2316593.0,128800635.0,2022-03-16,0.4686872573804,0.7603072988384769,0.017985881824262744
RMRK,RMRK,13.65,0.03,0.044,0.006,4743523.0,128405686.0,2022-03-16,3.1653758573804,5.907777599362821,0.036941689638261034
Qredo,QRDO,2.55,0.035,0.134,0.089,23819831.0,126060547.0,2022-03-16,3.3133758573804,5.874509945204135,0.1889554786716894
Stratis,STRAX,0.931273,0.015,0.026,-0.0139999999999999,3193483.0,125656753.0,2022-03-16,3.4345742573804,5.803269041472072,0.025414336466262184
STP Network,STPT,0.085865788522,0.0069999999999999,0.006,-0.0409999999999999,11751380.0,125461512.0,2022-03-16,3.4462261305704005,5.794770617161508,0.09366521901951891
Steem,STEEM,0.315524,0.013,0.01,0.009,6019119.0,124507907.0,2022-03-16,3.506532557704401,5.751529046008293,0.048343267066564694
Alpha Finance,ALPHA,0.279294,0.018,0.054,0.021,7405255.0,124373230.0,2022-03-16,0.8323913577044,1.0112277977848338,0.05954058602482222
NKN,NKN,0.192439,0.03,0.078,0.064,9196680.0,124009174.0,2022-03-16,0.36087915770440004,0.3309333144120432,0.07416128745442656
RSK Infrastructure Framework,RIF,0.150149,0.017,0.032,0.0069999999999999,1193005.0,123524355.0,2022-03-16,0.2046543577044,0.09366770750043536,0.009658054883184778
Balancer,BAL,11.45,0.0279999999999999,0.022,0.01,24421512.0,123217404.0,2022-03-16,2.4774811999999997,5.016225502629914,0.19819855967749492
Dawn Protocol,DAWN,1.7,0.016,0.023,0.033,2418035.0,122765002.0,2022-03-16,2.7543763999999995,4.9040069457471365,0.01969645225110655
GXChain,GXC,1.64,0.021,-0.008,-0.019,11166637.0,122187268.0,2022-03-16,3.0265175999999996,4.76819237778175,0.09138953004497981
Dero,DERO,10.86,0.034,0.015,-0.141,810741.0,120268451.0,2022-03-16,5.132319914304,5.543426211897693,0.006741094553550041
Kirobo,KIRO,0.126408,0.019,0.019,-0.074,30233.26,119964465.0,2022-03-16,2.867601514304,4.5392626587118095,0.00025201846230048203
Strike,STRK,37.95,0.0069999999999999,0.0139999999999999,-0.031,9721665.0,118658676.0,2022-03-16,9.808910690391,16.409554309989435,0.08192966016239722
Victoria VR,VR,0.144477,0.051,-0.003,0.032,7068380.0,117291824.0,2022-03-16,8.053486176087,16.73139247329446,0.06026319447466347
Ankr Reward-Bearing Staked ETH,AETHC,2196.39,0.021,0.002,-0.02,1309490.0,116894099.0,2022-03-16,447.30620457608694,977.9006677615598,0.011202361891681119
Decentral Games,DG,0.306293,0.005,0.002,0.003,854759.0,116422219.0,2022-03-16,447.3481540000001,977.8766917860345,0.007341888922422961
Meerkat Shares,MSHARE,12965.17,0.013,0.03,0.922,8304162.0,115928010.0,2022-03-16,3032.7921539999998,5633.174611872284,0.0716320585508196
FUNToken,FUN,0.010933267139,0.012,-0.004,-0.011,853332.0,115804492.0,2022-03-16,3032.4043406534274,5633.435493767111,0.007368729703507529
THORChain (ERC20),RUNE,7.15,0.07,-0.07,0.762,1838591.0,115794807.0,2022-03-16,3033.805445253428,5632.493585863831,0.015878009106228747
TrueFi,TRU,0.180166,0.025,-0.008,0.069,9656824.0,115725924.0,2022-03-16,2594.5634784534277,5797.346077283414,0.08344564179068469
agEUR,AGEUR,1.1,0.003,0.003,0.011,3811883.0,115711833.0,2022-03-16,2594.7222198534278,5797.25729338828,0.03294289703283847
sETH2,SETH2,2740.47,0.027,0.035,0.068,19698.74,114815124.0,2022-03-16,549.7822198534278,1224.6352252451636,0.00017156920894846573
Maple,MPL,25.38,-0.005,-0.019,0.154,3006803.0,114666914.0,2022-03-16,554.8560332,1221.8373707625917,0.026222062625667245
Spookyswap,BOO,12.83,0.0279999999999999,-0.0279999999999999,-0.109,5125254.0,114555634.0,2022-03-16,555.9920331999999,1221.2033114669132,0.04474030495959719
AIOZ Network,AIOZ,0.237396,0.047,0.287,0.241,13715452.0,114207956.0,2022-03-16,556.0034792,1221.196799879622,0.12009191373672776
Tomb Shares,TSHARE,2920.47,0.043,0.077,-0.351,10610367.0,113643147.0,2022-03-16,1139.8774792,1544.629916316584,0.093365656267861
Beefy.Finance,BIFI,1455.73,0.012,0.047,-0.059,1429792.0,112999254.0,2022-03-16,882.9294792000001,1299.1613965608283,0.01265311008159399
TitanSwap,TITAN,1.13,0.0,-0.002,-0.072,24704.16,112504097.0,2022-03-16,878.0794791999999,1303.2021079821739,0.00021958453655247773
Phantasma,SOUL,1.08,0.0279999999999999,0.13,-0.024,2762350.0,112079479.0,2022-03-16,875.7294791999999,1305.1615560686278,0.024646349399964646
Tornado Cash,TORN,47.91,0.023,0.006,-0.071,10096292.0,111960444.0,2022-03-16,885.2640000000001,1297.3175128626551,0.09017731298028793
Alchemix,ALCX,95.14,0.0279999999999999,-0.042,-0.125,8581305.0,111651916.0,2022-03-16,320.198,635.9767031661976,0.07685766001543583
Hoo Token,HOO,1.34,-0.002,0.049,-0.0139999999999999,8376366.0,111488236.0,2022-03-16,29.172339799999996,42.11584049278815,0.07513228570591071
BTC Standard Hashrate Token,BTCST,15.38,0.032,0.022,-0.08,10770376.0,110711281.0,2022-03-16,32.0323398,40.17190300252123,0.09728345569409498
KardiaChain,KAI,0.033106050211,0.005,0.012,0.092,3633167.0,110596002.0,2022-03-16,22.4569610100422,41.13556440498597,0.0328507987115122
Klever,KLV,0.021137782806,0.027,0.034,0.054,4429411.0,109983784.0,2022-03-16,3.4331885666034005,6.700019642440339,0.04027330974537119
Orion Protocol,ORN,3.13,0.066,0.069,0.022,10611478.0,108618470.0,2022-03-16,3.9808487666034003,6.498127785873929,0.09769496845241882
BENQI Liquid Staked AVAX,SAVAX,73.3,0.035,0.036,0.003,232010.0,108588792.0,2022-03-16,18.3728487666034,31.350538210677627,0.002136592513157343
PlatON Network,LAT,0.045411075152,0.011,0.01,-0.0579999999999999,4190176.0,108434635.0,2022-03-16,15.305930981633798,32.447391611237755,0.03864241346872242
Hathor,HTR,0.479597,0.052,0.047,0.025,3389005.0,108345431.0,2022-03-16,15.3952291715916,32.395424123660966,0.03127963005657341
Kava Swap,SWP,1.81,-0.009,-0.013,0.02,1850449.0,107989085.0,2022-03-16,15.7530016150304,32.19242836683422,0.01713551883507486
Proton,XPR,0.010978430413,0.022,-0.02,-0.067,4912504.0,107238670.0,2022-03-16,15.129197301112999,32.52666306922934,0.04580907241762696
Utrust,UTK,0.233365,0.018,-0.011,-0.0069999999999999,6103029.0,107165105.0,2022-03-16,0.515870301113,0.7470182297079235,0.05694977856831288
Regen,REGEN,0.862787,0.018,0.036,0.002,113190.0,106505797.0,2022-03-16,0.6793454860826,0.7066724089411078,0.0010627590533874884
BakerySwap,BAKE,0.548429,0.027,0.033,-0.005,11013168.0,104901896.0,2022-03-16,1.5451118860826,2.54989227245987,0.10498540464893028
QuarkChain,QKC,0.015632618015,0.009,0.006,-0.019,2276212.0,103653419.0,2022-03-16,1.546042723603,2.5491929822962427,0.021959835208137227
Hydra,HYDRA,8.93,0.005,-0.089,-0.004,444955.0,103576699.0,2022-03-16,3.285369723603,3.989578600332434,0.0042958986364298015
TomoChain,TOMO,1.17,0.02,0.046,0.039,5201034.0,103142455.0,2022-03-16,3.3468123236029994,3.945058798113304,0.050425734000611094
Pylon Protocol,MINE,0.053553941991,0.011,0.046,0.093,1026416.0,102790559.0,2022-03-16,2.1435231120012,3.822441323803252,0.009985508494024242
Ellipsis,EPS,0.164725,0.0139999999999999,0.036,0.042,8159278.0,102630468.0,2022-03-16,2.0667823120012003,3.866073644075809,0.07950151800925238
Venus,XVS,8.52,0.017,0.0069999999999999,-0.011,7769662.0,102446263.0,2022-03-16,3.7676557883982,4.548572639677142,0.07584134132838014
Railgun,RAIL,1.78,0.013,0.0559999999999999,-0.0409999999999999,448935.0,102343090.0,2022-03-16,2.3376557883982,3.529678810025482,0.004386568746360893
Seedify.fund,SFUND,4.33,0.016,0.033,-0.161,3442729.0,102337446.0,2022-03-16,2.9696557883982004,3.551176756551807,0.03364095093793918
Hermez Network,HEZ,6.09,0.009,0.003,0.0139999999999999,105821.0,102164945.0,2022-03-16,4.176945,3.331238029738443,0.001035785806961478
ICHI,ICHI,22.69,0.023,0.049,0.133,910181.0,99403281.0,2022-03-16,8.73,8.208449923441767,0.009156448266531565
CRYPTO20,C20,2.94,0.006,-0.047,-0.011,53097.41,98979226.0,2022-03-16,8.1002463422716,8.792552208271916,0.0005364500425574151
Decentral Games Governance,XDG,0.32163,0.01,0.013,0.002,121569.0,98858963.0,2022-03-16,6.946572342271599,9.474265943768511,0.001229721578204295
Metal,MTL,1.52,0.024,0.0289999999999999,-0.0069999999999999,12492929.0,98095635.0,2022-03-16,5.4985723422716,9.67887529893194,0.12735458616481762
Wilder World,WILD,1.17,0.065,-0.002,-0.127,4735954.0,97124495.0,2022-03-16,1.1945723422716,1.1501936598316094,0.04876168468108895
Wrapped Centrifuge,WCFG,0.486023,0.004,0.021,-0.008,1702240.0,97035126.0,2022-03-16,1.2875305999999997,1.0456923025379719,0.017542513419315807
Bitcoin Diamond,BCD,0.515751,0.008,0.025,-0.016,823683.0,96592411.0,2022-03-16,0.8026807999999999,0.515626210686593,0.008527409052870624
sUSD,SUSD,0.995877,-0.001,0.001,-0.002,8450530.0,95584478.0,2022-03-16,0.9375302,0.44115605308669265,0.08840901971552327
sETH,SETH,2732.47,0.025,0.034,0.065,5049393.0,95094991.0,2022-03-16,547.1275302,1221.6436154086912,0.053098411881652104
Bounce,AUCTION,13.1,0.016,0.018,0.027,1741028.0,94296802.0,2022-03-16,549.5135302,1220.3216589822434,0.018463277259392105
Augur,REP,13.43,0.019,0.02,-0.015,7904878.0,93213520.0,2022-03-16,552.1023256000001,1218.8786489952593,0.08480398551626417
Neutrino System Base Token,NSBT,36.47,0.0139999999999999,0.09,0.349,365249.0,92043237.0,2022-03-16,559.0981971770983,1215.0226712604565,0.003968232886029421
Platypus Finance,PTP,4.82,0.045,-0.049,-0.153,2928863.0,91532885.0,2022-03-16,13.568197177098398,14.007040799259432,0.03199793167231646
Ampleforth,AMPL,1.12,0.019,0.146,0.235,9846521.0,91484573.0,2022-03-16,11.172197177098399,15.089922897183323,0.10763039796884662
Wanchain,WAN,0.473501,0.018,0.01,-0.024,7300330.0,91110234.0,2022-03-16,8.580897377098399,15.705200931595137,0.08012634453337042
Dopex Rebate Token,RDPX,101.45,0.0559999999999999,0.04,0.113,3498225.0,90554011.0,2022-03-16,21.6012636,44.67594698183032,0.038631364435088356
Everipedia,IQ,0.009006140462,0.0069999999999999,0.031,0.022,3388475.0,89718345.0,2022-03-16,20.639064828092405,45.17672685325997,0.037767916918217785
ZoidPay,ZPAY,0.309582,0.037,0.049,0.32,200162.0,89683955.0,2022-03-16,20.476981228092402,45.26563050903999,0.002231859645351278
Electroneum,ETN,0.005086662997,0.017,0.026,-0.017,176858.0,89440714.0,2022-03-16,20.383298360691803,45.31783474796155,0.001977376880063815
KeeperDAO,ROOK,108.14,0.005,0.022,-0.001,420336.0,87457228.0,2022-03-16,41.9827349606918,57.388387054100846,0.004806189375222366
cUNI,CUNI,0.177688,0.001,0.008,0.0,818771.0,86960205.0,2022-03-16,21.7282725606918,48.3057915245429,0.009415467684327562
Dvision Network,DVI,0.348705,0.011,0.045,-0.1689999999999999,893982.0,85948342.0,2022-03-16,21.7962123325994,48.267831615467855,0.010401387382202207
AllianceBlock,ALBT,0.222035,0.025,0.075,0.046,594392.0,85612394.0,2022-03-16,21.7787029325994,48.2775894879546,0.006942826525794851
Bonfida,FIDA,1.61,0.02,0.0069999999999999,-0.114,4391814.0,85251644.0,2022-03-16,22.0996856,48.10164667200476,0.05151588630947692
Avalaunch,XAVA,3.78,0.0289999999999999,0.032,-0.022,709787.0,84389747.0,2022-03-16,1.412148,1.4396688363052406,0.008410820333422732
Automata,ATA,0.367835,0.031,0.0409999999999999,0.035,10518480.0,83514063.0,2022-03-16,1.5255348000000002,1.3399788363323852,0.125948608200274
Banana,BANANA,18.71,0.016,-0.141,0.708,550846.0,83416764.0,2022-03-16,4.9455348,7.810231798213094,0.00660354074631809
chrono.tech,TIME,118.16,0.023,0.036,-0.147,295233.0,83232136.0,2022-03-16,28.357534799999996,50.75952412008825,0.003547103488969693
Celo Dollar,CUSD,0.999208,0.003,0.005,0.001,770929.0,82951206.0,2022-03-16,27.8013764,51.11015902737003,0.009293764818802031
CertiK,CTK,1.18,0.016,0.04,0.04,7896532.0,82919242.0,2022-03-16,27.883408600000003,51.056227445890265,0.09523159895745309
Adshares,ADS,3.46,0.0139999999999999,0.063,0.3289999999999999,1223986.0,82839334.0,2022-03-16,28.5018416,50.656779517291675,0.014775420574965028
DFI.money,YFII,2051.79,0.022,0.086,0.104,16874472.0,81618922.0,2022-03-16,435.11784159999996,905.1492517430479,0.20674705799226312
Gains Farm,GFARM2,2267.65,0.013,0.033,0.036,133497.0,81067367.0,2022-03-16,865.0158416,1184.3596432167924,0.0016467415304113676
Gitcoin,GTC,5.67,0.04,0.06,-0.005,13047215.0,80324424.0,2022-03-16,865.95,1183.5093184044417,0.16243147912271366
Biswap,BSW,0.357696,0.019,0.042,0.149,5174312.0,80023062.0,2022-03-16,865.7855391999999,1183.659576864041,0.06466026006353019
Clover Finance,CLV,0.305749,0.02,0.01,-0.016,8210647.0,79586374.0,2022-03-16,865.154689,1184.2347653058525,0.10316649179167278
SafePal,SFP,0.733022,0.027,0.023,-0.039,14792090.0,78755589.0,2022-03-16,454.9432934,1013.336374199422,0.18782273344435277
Enzyme,MLN,53.93,0.02,0.02,0.046,7197240.0,78254927.0,2022-03-16,12.1992934,23.437356684470334,0.09197171700128223
Crabada,CRA,0.908045,0.047,0.106,0.031,2532869.0,78203679.0,2022-03-16,11.2469024,23.861915935561207,0.032388105424042773
Covalent,CQT,0.308264,0.022,-0.039,-0.147,4464667.0,78070115.0,2022-03-16,11.237016,23.867564987775715,0.05718791371064331
Aergo,AERGO,0.216541,0.011,0.003,-0.14,8958942.0,78030243.0,2022-03-16,11.219174400000002,23.87781037474789,0.11481371395959897
Nerve Finance,NRV,0.01746492327,0.001,-0.0279999999999999,-0.087,37129.53,77747624.0,2022-03-16,11.076062984654,23.95837959790216,0.0004775648192155686
Swarm,BZZ,1.2,0.013,0.049,-0.008,1500542.0,77516525.0,2022-03-16,0.5300629846539999,0.500483313986619,0.019357704695869688
BENQI,QI,0.049616183289,0.036,0.011,-0.023,9851172.0,77090931.0,2022-03-16,0.3583772213118,0.4854155201116631,0.12778639292863125
Somnium Space CUBEs,CUBE,5.9,0.024,0.055,0.114,223101.0,76435550.0,2022-03-16,1.4767244213118,2.519726289512751,0.002918811992587219
Rai Reflex Index,RAI,3.03,0.001,-0.001,0.003,1012855.0,76393616.0,2022-03-16,2.0394162213118,2.4818125813259058,0.013258372270269285
PEAKDEFI,PEAK,0.056409521696,0.004,0.0069999999999999,-0.175,51980.14,76293156.0,2022-03-16,2.047205140997,2.473929058099137,0.0006813211397363087
Propy,PRO,1.31,0.021,-0.039,-0.1889999999999999,1379488.0,76264908.0,2022-03-16,2.069205140997,2.4649845236334533,0.018088109409376066
Aurory,AURY,8.02,0.006,0.002,-0.008,1527291.0,76264310.0,2022-03-16,3.6632819043392004,3.2761414448139803,0.020026287525580444
mStable USD,MUSD,0.999331,0.001,0.003,-0.0,207110.0,75247445.0,2022-03-16,2.6831481043392,3.1710734112234387,0.0027523858119036467
bZx Protocol,BZRX,0.177963,0.022,0.427,0.48,16.65,74186632.0,2022-03-16,2.1127407043392,3.3448336833495604,2.2443396540767613e-07
ShapeShift FOX Token,FOX,0.273188,0.0139999999999999,0.001,-0.005,593740.0,73980085.0,2022-03-16,2.1560964,3.3127672388306593,0.008025673395752385
SingularityNET,AGIX,0.084142124159,0.026,-0.003,-0.036,868150.0,73918145.0,2022-03-16,1.9109248248318,3.4341766484635574,0.01174474819410038
Handshake,HNS,0.156275,0.019,-0.054,-0.108,197146.0,73747459.0,2022-03-16,0.3381798248318,0.3757124393108419,0.0026732582067675037
Kin,KIN,4.1143641e-05,-0.022,0.094,-0.008,1152459.0,73595419.0,2022-03-16,0.13832185355999999,0.10264038690803139,0.015659384995144875
RIZON,ATOLO,0.035663494252,0.046,0.023,-0.016,331202.0,72989274.0,2022-03-16,0.1098619524104,0.10846391620724627,0.004537680426852855
Vader Protocol,VADER,0.014381539264,-0.039,-0.096,-0.337,1480880.0,72963217.0,2022-03-16,0.0581006602632,0.06344808729527612,0.020296254207102737
DeFi Pulse Index,DPI,155.37,0.0289999999999999,0.042,0.054,207236.0,72755648.0,2022-03-16,31.115272235431398,69.4605319043675,0.002848383674625508
Sovryn,SOV,3.43,0.006,-0.0069999999999999,-0.071,406765.0,72604865.0,2022-03-16,31.770017235431403,69.11029826227418,0.005602448265691287
Badger DAO,BADGER,7.32,0.024,0.027,-0.006,4125819.0,72581913.0,2022-03-16,33.234009006703204,68.34231651402042,0.05684362438890251
TempleDAO,TEMPLE,0.666697,0.021,-0.003,-0.025,1492924.0,71996496.0,2022-03-16,33.360215707852795,68.26622322190342,0.02073606471070481
Wrapped NXM,WNXM,26.65,0.027,0.024,0.005,3964149.0,70945266.0,2022-03-16,38.6873394,66.01571789396198,0.05587615951711281
Dock,DOCK,0.033479547514,0.024,-0.002,-0.0,3240870.0,70448413.0,2022-03-16,6.9355465331207995,11.442700018835941,0.046003449360881986
Sifchain,EROWAN,0.091107956047,0.026,-0.024,-0.023,3841586.0,70322023.0,2022-03-16,5.489768124330199,11.832040122214643,0.054628490992075125
Retreeb,TREEB,0.225841,0.035,0.1369999999999999,0.07,905540.0,70125336.0,2022-03-16,5.4015969243302,11.87851776014323,0.012913164508759003
Presearch,PRE,0.179852,0.022,-0.042,0.0,598873.0,70111160.0,2022-03-16,0.1075673243302,0.09350998931927217,0.00854176424979989
PlatonCoin,PLTC,0.640304,-0.001,0.019,0.126,280435.0,69590558.0,2022-03-16,0.23411690071219998,0.23911745033959958,0.004029785190111566
Aave [OLD],LEND,1.36,0.026,0.08,0.038,5128.17,69502548.0,2022-03-16,0.4994209912094,0.5253890757853283,7.378391364874853e-05
ShareToken,SHR,0.007189378251,0.013,-0.046,-0.138,221837.0,69453171.0,2022-03-16,0.4826372756502001,0.5427473363339738,0.0031940514278318553
Circuits of Value,COVAL,0.038262750519,-0.001,0.035,-0.038,601191.0,69008937.0,2022-03-16,0.44512162575399994,0.5706982468548103,0.008711784677975839
Travala.com,AVA,1.33,0.018,0.021,0.051,3953320.0,68723455.0,2022-03-16,0.675151225754,0.6616002634393803,0.05752504730735671
Redacted Cartel,BTRFLY,114.27,0.009,0.004,-0.204,580990.0,68675140.0,2022-03-16,23.401090425754,50.80156924431199,0.008459975472929506
IRISnet,IRIS,0.05572426797,0.022,-0.008,-0.027,6277598.0,68613799.0,2022-03-16,23.140235279348,50.946182333876145,0.09149177121062776
ChainX,PCX,1.77,0.054,0.172,0.078,445046.0,68530128.0,2022-03-16,23.4927974036978,50.751801989094474,0.0064941656026091185
Index Coop - ETH 2x Flexible Leverage Index,ETH2X-FLI,66.16,0.049,0.06,0.119,2344685.0,68519516.0,2022-03-16,36.71714485359401,51.71783970444787,0.03421922886904222
cVault.finance,CORE,6768.4,0.016,0.031,0.004,295513.0,68514733.0,2022-03-16,1390.131144853594,3006.9234058687775,0.004313130724744998
ThunderCore,TT,0.007869637878,0.006,-0.003,0.018,13601229.0,67862398.0,2022-03-16,1367.2787187811696,3019.4520764332524,0.20042364255975748
OpenDAO,SOS,1.708294e-06,0.03,0.053,-0.09,14382323.0,67555662.0,2022-03-16,1367.2675742692343,3019.4583843928917,0.21289589316732624
GuildFi,GF,1.54,0.005,0.0069999999999999,0.0409999999999999,7298293.0,66370610.0,2022-03-16,0.3248053175362,0.6798755035479356,0.10996272295824915
EverRise,RISE,0.000950733762,0.013,0.081,0.03,423218.0,66340451.0,2022-03-16,0.323421536713,0.6806884003423586,0.006379486325771285
Oxygen,OXY,0.325739,0.015,0.001,0.084,464624.0,65770433.0,2022-03-16,0.4786664851992001,0.6218267658200446,0.007064329346896652
